tag,ROC-AUC,PR-AUC
ambient,0.8831808671706952,0.4969886508537677
fast,0.7938432734460869,0.3316340784955922
loud,0.7977610469699077,0.20950019592688912
quiet,0.856252103027725,0.2097629284925709
slow,0.790247694578962,0.35774793786688347
soft,0.7844274736742245,0.15305793501627835
weird,0.7443159289098273,0.06199482494182831
