tag,ROC-AUC,PR-AUC
ambient,0.9303040993553466,0.5639420688480751
fast,0.8847360656628344,0.43762267657652504
loud,0.9186945043353272,0.3757424887330101
quiet,0.9085690840639702,0.3318289115511443
slow,0.8271931330848834,0.4081067948124128
soft,0.820825032413117,0.17950398106577392
weird,0.8065771039360411,0.08729422553080578
