tag,ROC-AUC,PR-AUC
beat,0.8340078374658861,0.3155482653001388
beats,0.8227489091091759,0.1424846752389273
choir,0.9442249831351629,0.4835149396988509
choral,0.9548123324003066,0.3360116041857558
solo,0.8717905672542365,0.12962556478985018
