tag,ROC-AUC,PR-AUC
action,0.5172622946842322,0.03030366792597198
adventure,0.5,0.020515518148342977
advertising,0.5,0.0386638611257233
background,0.5,0.008416622830089426
ballad,0.5086206896551724,0.03223348872644162
calm,0.5,0.027354024197790636
children,0.5,0.03129931614939505
christmas,0.4991952789699571,0.0194634402945818
commercial,0.5,0.01841136244082062
cool,0.5,0.008942661756970016
corporate,0.5041004159075434,0.03501056535810769
dark,0.5,0.06075749605470805
deep,0.6340725297677975,0.19961608927301167
documentary,0.5,0.03235139400315623
drama,0.5,0.02367175170962651
dramatic,0.5,0.008942661756970016
dream,0.5,0.054445028932140975
emotional,0.5,0.09389794844818516
energetic,0.5108546773179152,0.06833734518610107
epic,0.6036694149527629,0.1663066198267469
fast,0.5,0.006838506049447659
film,0.5019851924172158,0.051595416991338634
fun,0.5,0.049184639663335084
funny,0.5,0.006049447659126775
game,0.5,0.006838506049447659
groovy,0.5,0.0194634402945818
happy,0.5180393051648812,0.11959778455151458
heavy,0.5151515151515151,0.03871965313311973
holiday,0.5,0.00920568122041031
hopeful,0.5,0.009468700683850605
inspiring,0.4998636115657392,0.03577064702788006
love,0.5084353813002576,0.05820808913344987
meditative,0.5,0.04234613361388743
melancholic,0.5,0.0291951604418727
melodic,0.5,0.0967911625460284
motivational,0.5,0.019726459758022095
movie,0.5,0.02972119936875329
nature,0.5,0.01709626512361915
party,0.5,0.022093634928984744
positive,0.5,0.016833245660178853
powerful,0.5,0.012361914781693845
relaxing,0.5,0.07311941083640189
retro,0.5,0.010783798001052078
romantic,0.5,0.03103629668595476
sad,0.5,0.0386638611257233
sexy,0.5,0.0097317201472909
slow,0.497332622032542,0.013940031562335612
soft,0.5,0.033666491320357705
soundscape,0.49907063197026025,0.009468700683850605
space,0.5,0.024460810099947397
sport,0.5,0.009994739610731194
summer,0.5158039212202511,0.0364241010611342
trailer,0.5134144453965821,0.02921474136772238
travel,0.5,0.012887953708574434
upbeat,0.5,0.034718569174118884
uplifting,0.49972699972699974,0.036559705418200944
