tag,ROC-AUC,PR-AUC
beat,0.919285764269553,0.3916658440920625
beats,0.9132446500867554,0.19756815261350366
choir,0.9816193968389294,0.6640391002236454
choral,0.9841072168097537,0.5610353856118496
solo,0.9026665693466175,0.18597493895155287
